Feature,Importance
Torque [Nm],0.3198534641075036
Rotational speed [rpm],0.3139520355378474
Tool wear [min],0.21880092457023992
Air temperature [K],0.09195649024022728
Process temperature [K],0.05543708554418179
