Feature,Importance
Torque [Nm],0.3227314734616594
Rotational speed [rpm],0.30741093579113205
Tool wear [min],0.22195983236031747
Air temperature [K],0.08984694213980933
Process temperature [K],0.05805081624708183
