{"Air temperature [K]": {"counts": [80, 73, 92, 308, 693, 701, 872, 748, 710, 434, 776, 1118, 529, 650, 435, 768, 298, 254, 352, 109], "bin_edges": [295.3, 295.76, 296.22, 296.68, 297.14, 297.6, 298.06, 298.52, 298.98, 299.44, 299.9, 300.36, 300.82, 301.28000000000003, 301.74, 302.2, 302.66, 303.12, 303.58, 304.04, 304.5]}, "Process temperature [K]": {"counts": [42, 56, 26, 97, 292, 551, 839, 816, 824, 868, 812, 912, 1101, 843, 702, 439, 325, 203, 184, 68], "bin_edges": [305.7, 306.105, 306.51, 306.91499999999996, 307.32, 307.725, 308.13, 308.53499999999997, 308.94, 309.345, 309.75, 310.155, 310.56, 310.96500000000003, 311.37, 311.775, 312.18, 312.58500000000004, 312.99, 313.395, 313.8]}, "Rotational speed [rpm]": {"counts": [41, 561, 1971, 2679, 1997, 1230, 661, 326, 210, 126, 54, 48, 29, 16, 14, 7, 7, 15, 3, 5], "bin_edges": [1168.0, 1253.9, 1339.8, 1425.7, 1511.6, 1597.5, 1683.4, 1769.3000000000002, 1855.2, 1941.1, 2027.0, 2112.9, 2198.8, 2284.7, 2370.6000000000004, 2456.5, 2542.4, 2628.3, 2714.2, 2800.1000000000004, 2886.0]}, "Torque [Nm]": {"counts": [5, 8, 42, 95, 222, 392, 650, 1016, 1198, 1399, 1421, 1276, 998, 626, 325, 196, 76, 36, 14, 5], "bin_edges": [3.8, 7.4399999999999995, 11.079999999999998, 14.719999999999999, 18.36, 22.0, 25.639999999999997, 29.279999999999998, 32.919999999999995, 36.559999999999995, 40.199999999999996, 43.839999999999996, 47.47999999999999, 51.11999999999999, 54.75999999999999, 58.39999999999999, 62.03999999999999, 65.67999999999999, 69.32, 72.96, 76.6]}, "Tool wear [min]": {"counts": [637, 619, 550, 590, 592, 548, 587, 592, 548, 598, 590, 549, 589, 602, 538, 599, 457, 156, 48, 11], "bin_edges": [0.0, 12.65, 25.3, 37.95, 50.6, 63.25, 75.9, 88.55, 101.2, 113.85000000000001, 126.5, 139.15, 151.8, 164.45000000000002, 177.1, 189.75, 202.4, 215.05, 227.70000000000002, 240.35, 253.0]}}