{"fpr": [0.0, 0.0, 0.0, 0.0005175983436853002, 0.0005175983436853002, 0.0010351966873706005, 0.0010351966873706005, 0.0015527950310559005, 0.0015527950310559005, 0.002070393374741201, 0.002070393374741201, 0.002587991718426501, 0.002587991718426501, 0.003105590062111801, 0.003105590062111801, 0.0036231884057971015, 0.0036231884057971015, 0.004140786749482402, 0.004140786749482402, 0.005693581780538302, 0.005693581780538302, 0.006728778467908903, 0.006728778467908903, 0.007246376811594203, 0.007246376811594203, 0.007763975155279503, 0.007763975155279503, 0.010869565217391304, 0.010869565217391304, 0.012939958592132506, 0.012939958592132506, 0.015010351966873706, 0.015010351966873706, 0.021739130434782608, 0.021739130434782608, 0.023291925465838508, 0.023291925465838508, 0.024844720496894408, 0.024844720496894408, 0.028467908902691512, 0.028467908902691512, 0.031055900621118012, 0.031055900621118012, 0.03364389233954451, 0.03364389233954451, 0.03985507246376811, 0.03985507246376811, 0.040372670807453416, 0.040372670807453416, 0.043478260869565216, 0.043478260869565216, 0.06418219461697723, 0.06418219461697723, 0.07505175983436853, 0.07505175983436853, 0.09316770186335403, 0.09316770186335403, 0.09679089026915114, 0.09834368530020704, 0.12215320910973085, 0.12318840579710146, 0.13302277432712215, 0.13457556935817805, 0.15217391304347827, 0.15320910973084886, 0.15320910973084886, 0.15372670807453417, 0.15476190476190477, 0.15527950310559005, 0.15631469979296067, 0.16097308488612835, 0.16304347826086957, 0.16356107660455488, 0.16511387163561075, 0.16718426501035197, 0.16821946169772256, 0.16925465838509315, 0.17080745341614906, 0.17184265010351968, 0.17287784679089027, 0.17391304347826086, 0.17701863354037267, 0.17960662525879917, 0.18374741200828157, 0.18478260869565216, 0.18633540372670807, 0.2054865424430642, 0.20652173913043478, 0.2070393374741201, 0.21014492753623187, 0.2122153209109731, 0.2153209109730849, 0.21739130434782608, 0.2179089026915114, 0.2324016563146998, 0.2329192546583851, 0.2375776397515528, 0.2406832298136646, 0.2417184265010352, 0.2556935817805383, 0.2562111801242236, 0.2644927536231884, 0.2701863354037267, 0.2748447204968944, 1.0], "tpr": [0.0, 0.014705882352941176, 0.1323529411764706, 0.1323529411764706, 0.27941176470588236, 0.27941176470588236, 0.36764705882352944, 0.36764705882352944, 0.4411764705882353, 0.4411764705882353, 0.5441176470588235, 0.5441176470588235, 0.5882352941176471, 0.5882352941176471, 0.6323529411764706, 0.6323529411764706, 0.6470588235294118, 0.6470588235294118, 0.6617647058823529, 0.6617647058823529, 0.6764705882352942, 0.6764705882352942, 0.6911764705882353, 0.6911764705882353, 0.7058823529411765, 0.7058823529411765, 0.7205882352941176, 0.7205882352941176, 0.7352941176470589, 0.7352941176470589, 0.75, 0.75, 0.7647058823529411, 0.7647058823529411, 0.7941176470588235, 0.7941176470588235, 0.8088235294117647, 0.8088235294117647, 0.8235294117647058, 0.8235294117647058, 0.8382352941176471, 0.8382352941176471, 0.8529411764705882, 0.8529411764705882, 0.8676470588235294, 0.8676470588235294, 0.8823529411764706, 0.8823529411764706, 0.8970588235294118, 0.8970588235294118, 0.9117647058823529, 0.9117647058823529, 0.9264705882352942, 0.9264705882352942, 0.9411764705882353, 0.9411764705882353, 0.9558823529411765, 0.9558823529411765, 0.9558823529411765, 0.9558823529411765, 0.9558823529411765, 0.9558823529411765, 0.9558823529411765, 0.9558823529411765, 0.9558823529411765, 0.9705882352941176, 0.9705882352941176, 0.9705882352941176, 0.9705882352941176, 0.9705882352941176, 0.9705882352941176, 0.9705882352941176, 0.9705882352941176, 0.9705882352941176, 0.9705882352941176, 0.9705882352941176, 0.9705882352941176, 0.9705882352941176, 0.9705882352941176, 0.9705882352941176, 0.9705882352941176, 0.9705882352941176, 0.9705882352941176, 0.9705882352941176, 0.9705882352941176, 0.9705882352941176, 0.9705882352941176, 0.9705882352941176, 0.9705882352941176, 0.9705882352941176, 0.9705882352941176, 0.9705882352941176, 0.9705882352941176, 0.9705882352941176, 0.9705882352941176, 0.9705882352941176, 0.9705882352941176, 0.9705882352941176, 0.9705882352941176, 0.9705882352941176, 0.9705882352941176, 0.9705882352941176, 0.9705882352941176, 0.9852941176470589, 1.0]}