{"fpr": [0.0, 0.0, 0.0, 0.0005175983436853002, 0.0005175983436853002, 0.0010351966873706005, 0.0010351966873706005, 0.0015527950310559005, 0.0015527950310559005, 0.002070393374741201, 0.002070393374741201, 0.002587991718426501, 0.002587991718426501, 0.003105590062111801, 0.003105590062111801, 0.004140786749482402, 0.004140786749482402, 0.004658385093167702, 0.004658385093167702, 0.005693581780538302, 0.005693581780538302, 0.007763975155279503, 0.007763975155279503, 0.008281573498964804, 0.008281573498964804, 0.011904761904761904, 0.011904761904761904, 0.012939958592132506, 0.012939958592132506, 0.018633540372670808, 0.018633540372670808, 0.020186335403726708, 0.020186335403726708, 0.027432712215320912, 0.027432712215320912, 0.028985507246376812, 0.028985507246376812, 0.03260869565217391, 0.03260869565217391, 0.033126293995859216, 0.033126293995859216, 0.03467908902691511, 0.03467908902691511, 0.035196687370600416, 0.035196687370600416, 0.04089026915113872, 0.04089026915113872, 0.04917184265010352, 0.04917184265010352, 0.05020703933747412, 0.05020703933747412, 0.055900621118012424, 0.055900621118012424, 0.056935817805383024, 0.056935817805383024, 0.06625258799171843, 0.06625258799171843, 0.09368530020703934, 0.09472049689440994, 0.10351966873706005, 0.10455486542443064, 0.10817805383022774, 0.10921325051759834, 0.11024844720496894, 0.11128364389233955, 0.11283643892339544, 0.11594202898550725, 0.11645962732919254, 0.11749482401656315, 0.11853002070393374, 0.11956521739130435, 0.12215320910973085, 0.12318840579710146, 0.12525879917184266, 0.12629399585921325, 0.12991718426501034, 0.13302277432712215, 0.13354037267080746, 0.13871635610766045, 0.13923395445134576, 0.14182194616977226, 0.14233954451345757, 0.14751552795031056, 0.14855072463768115, 0.14958592132505175, 0.15320910973084886, 0.15372670807453417, 0.15476190476190477, 0.15631469979296067, 0.15838509316770186, 0.15890269151138717, 0.15993788819875776, 0.16045548654244307, 0.16200828157349897, 0.16356107660455488, 0.16873706004140787, 0.17132505175983437, 0.17339544513457558, 0.17650103519668736, 0.17805383022774326, 0.19047619047619047, 0.19254658385093168, 0.2236024844720497, 0.22722567287784678, 0.2375776397515528, 0.2406832298136646, 0.2463768115942029, 0.24792960662525879, 0.2489648033126294, 1.0], "tpr": [0.0, 0.014705882352941176, 0.1323529411764706, 0.1323529411764706, 0.39705882352941174, 0.39705882352941174, 0.4117647058823529, 0.4117647058823529, 0.4852941176470588, 0.4852941176470588, 0.5, 0.5, 0.5147058823529411, 0.5147058823529411, 0.5441176470588235, 0.5441176470588235, 0.5735294117647058, 0.5735294117647058, 0.6176470588235294, 0.6176470588235294, 0.6470588235294118, 0.6470588235294118, 0.6911764705882353, 0.6911764705882353, 0.7058823529411765, 0.7058823529411765, 0.7205882352941176, 0.7205882352941176, 0.7352941176470589, 0.7352941176470589, 0.75, 0.75, 0.7647058823529411, 0.7647058823529411, 0.7794117647058824, 0.7794117647058824, 0.7941176470588235, 0.7941176470588235, 0.8088235294117647, 0.8088235294117647, 0.8235294117647058, 0.8235294117647058, 0.8382352941176471, 0.8382352941176471, 0.8529411764705882, 0.8529411764705882, 0.8676470588235294, 0.8676470588235294, 0.8823529411764706, 0.8823529411764706, 0.8970588235294118, 0.8970588235294118, 0.9117647058823529, 0.9117647058823529, 0.9264705882352942, 0.9264705882352942, 0.9411764705882353, 0.9411764705882353, 0.9411764705882353, 0.9411764705882353, 0.9411764705882353, 0.9411764705882353, 0.9411764705882353, 0.9411764705882353, 0.9411764705882353, 0.9411764705882353, 0.9411764705882353, 0.9411764705882353, 0.9411764705882353, 0.9411764705882353, 0.9411764705882353, 0.9411764705882353, 0.9411764705882353, 0.9411764705882353, 0.9411764705882353, 0.9411764705882353, 0.9411764705882353, 0.9411764705882353, 0.9411764705882353, 0.9411764705882353, 0.9411764705882353, 0.9411764705882353, 0.9411764705882353, 0.9411764705882353, 0.9411764705882353, 0.9411764705882353, 0.9411764705882353, 0.9411764705882353, 0.9411764705882353, 0.9411764705882353, 0.9411764705882353, 0.9411764705882353, 0.9411764705882353, 0.9411764705882353, 0.9411764705882353, 0.9411764705882353, 0.9411764705882353, 0.9411764705882353, 0.9411764705882353, 0.9411764705882353, 0.9411764705882353, 0.9411764705882353, 0.9705882352941176, 0.9705882352941176, 0.9705882352941176, 0.9705882352941176, 0.9705882352941176, 0.9705882352941176, 0.9705882352941176, 1.0]}