{"train_accuracy": [0.99875, 0.99890625, 0.9984375, 0.99875, 0.9990625], "val_accuracy": [0.98125, 0.981875, 0.98125, 0.98125, 0.9775], "train_loss": [0.045054566736396656, 0.039422745894347105, 0.05631820842049577, 0.045054566736396656, 0.03379092505229755], "val_loss": [0.6758185010459468, 0.6532912176777487, 0.6758185010459468, 0.6758185010459468, 0.8109822012551362]}